{
  "free_energies": {
    "8": {
      "total": 4.304338455200195,
      "complexity": 2.3195486068725586,
      "accuracy": 6.28912878036499,
      "entropy": 22.791994094848633,
      "expected": 29.081122875213623
    }
  },
  "cross_resolution_consistency": 1.0,
  "observations_processed": {
    "8": 12959
  }
}