{
  "city_name": "south_holland",
  "experiment_name": "south_holland_fsi99",
  "total_hexagons": {
    "8": 51,
    "9": 357,
    "10": 2499
  },
  "fsi_statistics": {
    "8": {
      "min": 1.3794335329774092,
      "max": 3.955270083229638,
      "mean": 1.8091147562614796,
      "median": 1.601160732980498
    },
    "9": {
      "min": 0.0,
      "max": 7.823365180494978,
      "mean": 1.7780681643731733,
      "median": 1.6582959645253788
    },
    "10": {
      "min": 0.0,
      "max": 9.118,
      "mean": 1.715969199718163,
      "median": 1.6234818514182665
    }
  }
}