{
  "embedding": "ring_agg_208D",
  "alpha": 1.0,
  "n_splits": 5,
  "sample_n": 100000,
  "r2_per_dim": {
    "lbm": {
      "r2_mean": 0.3013837265059743,
      "r2_std": 0.003906535838270123,
      "n_hexes": 100000
    },
    "fys": {
      "r2_mean": 0.4209984555241668,
      "r2_std": 0.005199926243314795,
      "n_hexes": 100000
    },
    "onv": {
      "r2_mean": 0.5104145191933045,
      "r2_std": 0.005655155654407522,
      "n_hexes": 100000
    },
    "soc": {
      "r2_mean": 0.6528870881493682,
      "r2_std": 0.005718385188340654,
      "n_hexes": 100000
    },
    "vrz": {
      "r2_mean": 0.7918211458914299,
      "r2_std": 0.0016770492998718271,
      "n_hexes": 100000
    },
    "won": {
      "r2_mean": 0.46572976377877345,
      "r2_std": 0.006325239751955066,
      "n_hexes": 100000
    }
  },
  "spearman_rank_corr_offdiag_mean": 0.04761904761904763
}