{
  "method": "hierarchical_clustering",
  "algorithm": "AgglomerativeClustering",
  "linkage": "ward",
  "total_hexagons": 578498,
  "clusters": 30,
  "area": "randstad",
  "bounds": [
    4.099026462324598,
    51.698761702165136,
    5.50201396565633,
    52.60121504854523
  ],
  "cluster_sizes": {
    "0": 54527,
    "1": 16827,
    "2": 23004,
    "3": 48395,
    "4": 3357,
    "5": 27696,
    "6": 12507,
    "7": 20845,
    "8": 6151,
    "9": 35026,
    "10": 21536,
    "11": 14270,
    "12": 2237,
    "13": 62502,
    "14": 11507,
    "15": 9545,
    "16": 55657,
    "17": 6437,
    "18": 3401,
    "19": 57124,
    "20": 6518,
    "21": 19570,
    "22": 3071,
    "23": 664,
    "24": 27970,
    "25": 10074,
    "26": 1493,
    "27": 844,
    "28": 3458,
    "29": 12285
  },
  "largest_clusters": {
    "0": 54527,
    "1": 16827,
    "2": 23004,
    "3": 48395,
    "4": 3357,
    "5": 27696,
    "6": 12507,
    "7": 20845,
    "8": 6151,
    "9": 35026
  },
  "smallest_clusters": {
    "25": 10074,
    "26": 1493,
    "27": 844,
    "28": 3458,
    "29": 12285
  }
}