{
  "area": "randstad",
  "total_hexagons": 578498,
  "clusters": 20,
  "bounds": [
    4.099026462324598,
    51.698761702165136,
    5.50201396565633,
    52.60121504854523
  ],
  "dominant_clusters": {
    "0": 9743,
    "1": 32573,
    "2": 48859,
    "3": 35569,
    "4": 25263
  }
}