{
  "method": "balanced_embedding_clustering",
  "algorithm": "MiniBatchKMeans",
  "spatial_constraint": "none",
  "min_cluster_size_target": 10000,
  "total_hexagons": 578498,
  "clusters": 25,
  "area": "randstad",
  "bounds": [
    4.099026462324598,
    51.698761702165136,
    5.50201396565633,
    52.60121504854523
  ],
  "cluster_size_stats": {
    "mean": 23139.92,
    "median": 19494.0,
    "min": 8029,
    "max": 70222,
    "std": 13858.301582204558
  },
  "clusters_below_10k": 3,
  "clusters_above_10k": 22,
  "largest_clusters": {
    "0": 14603,
    "1": 20341,
    "2": 19494,
    "3": 25440,
    "4": 47920,
    "5": 27521,
    "6": 28667,
    "7": 27349,
    "8": 19010,
    "9": 30734
  },
  "smallest_clusters": {
    "15": 9459,
    "16": 17480,
    "17": 26122,
    "18": 70222,
    "19": 26785,
    "20": 30100,
    "21": 14405,
    "22": 11834,
    "23": 8029,
    "24": 11640
  }
}