{
  "method": "fine_embedding_clustering",
  "algorithm": "MiniBatchKMeans",
  "spatial_constraint": "none",
  "total_hexagons": 578498,
  "clusters": 100,
  "area": "randstad",
  "bounds": [
    4.099026462324598,
    51.698761702165136,
    5.50201396565633,
    52.60121504854523
  ],
  "cluster_size_stats": {
    "mean": 5784.98,
    "median": 4986.5,
    "min": 813,
    "max": 20093,
    "std": 3256.349195096257
  },
  "largest_10_clusters": {
    "0": 3648,
    "1": 8523,
    "2": 4947,
    "3": 5987,
    "4": 4808,
    "5": 2289,
    "6": 3670,
    "7": 10509,
    "8": 8753,
    "9": 3856
  },
  "smallest_10_clusters": {
    "90": 2828,
    "91": 2183,
    "92": 7248,
    "93": 4534,
    "94": 12476,
    "95": 4119,
    "96": 3145,
    "97": 7550,
    "98": 5270,
    "99": 4095
  }
}