{
  "lbm_source": "target\\leefbaarometer\\leefbaarometer_h3res9_2022.parquet",
  "lbm_year": 2022,
  "embedding_year_label": "20mix",
  "lbm_country_stats": {
    "mean": 4.198033332824707,
    "std": 0.12418658286333084,
    "min": 3.420036792755127,
    "max": 5.036126136779785,
    "n_hexes_with_data": 130467,
    "coverage_pct": 0.32800679812046046
  },
  "per_embedding": {
    "concat": {
      "0": {
        "mean": 4.226487159729004,
        "std": 0.10061843693256378,
        "n_hexes": 70833,
        "n_hexes_with_lbm": 11591,
        "lbm_pct_rank": 0.5875278806134885
      },
      "1": {
        "mean": 4.159059047698975,
        "std": 0.12726721167564392,
        "n_hexes": 38553,
        "n_hexes_with_lbm": 37200,
        "lbm_pct_rank": 0.34325155020043385
      },
      "2": {
        "mean": 4.318770885467529,
        "std": 0.14035369455814362,
        "n_hexes": 51316,
        "n_hexes_with_lbm": 5864,
        "lbm_pct_rank": 0.8591827818528823
      },
      "3": {
        "mean": 4.143754959106445,
        "std": 0.12928476929664612,
        "n_hexes": 15365,
        "n_hexes_with_lbm": 6582,
        "lbm_pct_rank": 0.2953083921604697
      },
      "4": {
        "mean": 4.23705530166626,
        "std": 0.1259741485118866,
        "n_hexes": 17758,
        "n_hexes_with_lbm": 1184,
        "lbm_pct_rank": 0.6254378501843378
      },
      "5": {
        "mean": 4.200137138366699,
        "std": 0.10850541293621063,
        "n_hexes": 88649,
        "n_hexes_with_lbm": 17477,
        "lbm_pct_rank": 0.48942644500141796
      },
      "6": {
        "mean": 4.2366228103637695,
        "std": 0.09735312312841415,
        "n_hexes": 67400,
        "n_hexes_with_lbm": 31907,
        "lbm_pct_rank": 0.6237745943418642
      },
      "7": {
        "mean": 4.132705211639404,
        "std": 0.1669037938117981,
        "n_hexes": 2161,
        "n_hexes_with_lbm": 2003,
        "lbm_pct_rank": 0.2625644799067964
      },
      "8": {
        "mean": 4.183603286743164,
        "std": 0.11306916177272797,
        "n_hexes": 36448,
        "n_hexes_with_lbm": 8254,
        "lbm_pct_rank": 0.4286754504970606
      },
      "9": {
        "mean": 4.162931442260742,
        "std": 0.12796711921691895,
        "n_hexes": 9274,
        "n_hexes_with_lbm": 8405,
        "lbm_pct_rank": 0.3557068070853166
      }
    },
    "ring_agg": {
      "0": {
        "mean": 4.236892223358154,
        "std": 0.09977156668901443,
        "n_hexes": 10825,
        "n_hexes_with_lbm": 2485,
        "lbm_pct_rank": 0.6247326910253167
      },
      "1": {
        "mean": 4.22382116317749,
        "std": 0.09768622368574142,
        "n_hexes": 23153,
        "n_hexes_with_lbm": 7690,
        "lbm_pct_rank": 0.5782611694911357
      },
      "2": {
        "mean": 4.224955081939697,
        "std": 0.09566415846347809,
        "n_hexes": 85707,
        "n_hexes_with_lbm": 37987,
        "lbm_pct_rank": 0.5822391869208305
      },
      "3": {
        "mean": 4.260525226593018,
        "std": 0.1386241763830185,
        "n_hexes": 36687,
        "n_hexes_with_lbm": 13516,
        "lbm_pct_rank": 0.7055960511087095
      },
      "4": {
        "mean": 4.235406875610352,
        "std": 0.12477841973304749,
        "n_hexes": 17467,
        "n_hexes_with_lbm": 1072,
        "lbm_pct_rank": 0.6194976507469322
      },
      "5": {
        "mean": 4.162403583526611,
        "std": 0.11757753044366837,
        "n_hexes": 69126,
        "n_hexes_with_lbm": 7937,
        "lbm_pct_rank": 0.3538059432653468
      },
      "6": {
        "mean": 4.224650859832764,
        "std": 0.09833981841802597,
        "n_hexes": 58006,
        "n_hexes_with_lbm": 10363,
        "lbm_pct_rank": 0.5813040845577809
      },
      "7": {
        "mean": 4.34259033203125,
        "std": 0.1372133493423462,
        "n_hexes": 30150,
        "n_hexes_with_lbm": 1913,
        "lbm_pct_rank": 0.9003809392413408
      },
      "8": {
        "mean": 4.163274765014648,
        "std": 0.11438122391700745,
        "n_hexes": 31150,
        "n_hexes_with_lbm": 13554,
        "lbm_pct_rank": 0.35690251174626536
      },
      "9": {
        "mean": 4.139101028442383,
        "std": 0.13118605315685272,
        "n_hexes": 35486,
        "n_hexes_with_lbm": 33950,
        "lbm_pct_rank": 0.2812205385269838
      }
    },
    "unet": {
      "0": {
        "mean": 4.220070838928223,
        "std": 0.10540113598108292,
        "n_hexes": 106648,
        "n_hexes_with_lbm": 37251,
        "lbm_pct_rank": 0.5636214521679812
      },
      "1": {
        "mean": 4.232596397399902,
        "std": 0.10936795175075531,
        "n_hexes": 34993,
        "n_hexes_with_lbm": 4303,
        "lbm_pct_rank": 0.6101619566633708
      },
      "2": {
        "mean": 4.293335914611816,
        "std": 0.14553752541542053,
        "n_hexes": 24874,
        "n_hexes_with_lbm": 820,
        "lbm_pct_rank": 0.80083086144389
      },
      "3": {
        "mean": 4.142672538757324,
        "std": 0.13196592032909393,
        "n_hexes": 35814,
        "n_hexes_with_lbm": 34763,
        "lbm_pct_rank": 0.291912897514314
      },
      "4": {
        "mean": 4.219473838806152,
        "std": 0.0972127690911293,
        "n_hexes": 5208,
        "n_hexes_with_lbm": 109,
        "lbm_pct_rank": 0.5614983099174504
      },
      "5": {
        "mean": 4.236348628997803,
        "std": 0.11472873389720917,
        "n_hexes": 27084,
        "n_hexes_with_lbm": 1766,
        "lbm_pct_rank": 0.622808832884944
      },
      "6": {
        "mean": 4.217662811279297,
        "std": 0.10755763202905655,
        "n_hexes": 56737,
        "n_hexes_with_lbm": 20412,
        "lbm_pct_rank": 0.5550522354311819
      },
      "7": {
        "mean": 4.218758583068848,
        "std": 0.12419837713241577,
        "n_hexes": 18646,
        "n_hexes_with_lbm": 405,
        "lbm_pct_rank": 0.559045582407812
      },
      "8": {
        "mean": 4.212291240692139,
        "std": 0.13000713288784027,
        "n_hexes": 45956,
        "n_hexes_with_lbm": 28315,
        "lbm_pct_rank": 0.5349322050786789
      },
      "9": {
        "mean": 4.19541597366333,
        "std": 0.10398042947053909,
        "n_hexes": 41797,
        "n_hexes_with_lbm": 2323,
        "lbm_pct_rank": 0.471245602336223
      }
    }
  },
  "_meta": {
    "k": 10,
    "kmeans_seed": 42,
    "note": "Cluster IDs match those in panels/stats/{embedding}.json (same KMeans seed)."
  }
}